,12yr B_score,24yr B_score,36yr B_score
Event_1,0.5579522874423144,0.6677537727105476,0.7140097449957008
Event_2,0.5544721161774395,0.6632115155409104,0.7074384087826125
