,12yr c_index,24yr c_index,36yr c_index
Event_1,0.764533597336202,0.7349629880833238,0.7205021343442448
Event_2,0.7586017276359468,0.7353199805708807,0.7143990989085437
