,12yr B_score,24yr B_score,36yr B_score
Event_1,0.5586587631888635,0.6594575006185008,0.6895063549239575
Event_2,0.5618267314762663,0.6560972954408127,0.6888886021823298
