,12yr B_score,24yr B_score,36yr B_score
Event_1,0.034087842051054036,0.07591012339803925,0.1073928003189887
Event_2,0.03606651561787832,0.07826732899336224,0.10720787966943261
