,12yr c_index,24yr c_index,36yr c_index
Event_1,0.7675970989735561,0.7371030293750729,0.7244947601927796
Event_2,0.7583476960861842,0.736263230403002,0.7163407197360704
