,12yr B_score,24yr B_score,36yr B_score
Event_1,0.5421505515309775,0.6295253254376304,0.6563303484043391
Event_2,0.5425617025035399,0.6267298195546603,0.6545762480351274
