,12yr c_index,24yr c_index,36yr c_index
Event_1,0.7665126994481943,0.7366287618860957,0.7228004026974136
Event_2,0.7595875554688071,0.7351691290435411,0.7146323703103603
