,12yr c_index,24yr c_index,36yr c_index
Event_1,0.771009255095157,0.7400722478170995,0.7262767383262103
Event_2,0.7637759694363329,0.7385603653965013,0.7165155882795419
