,12yr B_score,24yr B_score,36yr B_score
Event_1,0.5474767955145858,0.6428367279702567,0.6736844303452995
Event_2,0.5505272138851974,0.6441517333939853,0.6734020994929586
