,12yr c_index,24yr c_index,36yr c_index
Event_1,0.7677010153183357,0.737315689851972,0.7238152948306934
Event_2,0.7601904966305313,0.7358065564546327,0.7151757372525814
