,12yr B_score,24yr B_score,36yr B_score
Event_1,0.4756298424285543,0.48164841035700784,0.4487937038592306
Event_2,0.47219008408402974,0.47404259679887506,0.44742767837118014
