,12yr c_index,24yr c_index,36yr c_index
Event_1,0.002178330840999687,0.0016671330118538154,0.0019968337949367596
Event_2,0.0019667683687235654,0.001599279943005068,0.0010444728463151482
