,12yr c_index,24yr c_index,36yr c_index
Event_1,0.7688524257385694,0.7378114220982684,0.7250024385928187
Event_2,0.7606395345253855,0.7337200768592383,0.7139909090283916
