,12yr B_score,24yr B_score,36yr B_score
Event_1,0.5710350690805698,0.6959302155318391,0.7556575078975073
Event_2,0.5737923668947668,0.6961459565987183,0.7557244513465563
