,144yr c_index,288yr c_index,432yr c_index
Event_1,0.0,0.06283331481266662,0.03590536059226741
