,144yr B_score,288yr B_score,432yr B_score
Event_1,0.01733551897002849,0.0457044135892616,0.06705824687681125
