,144yr B_score,288yr B_score,432yr B_score
Event_1,0.014071885339054678,0.036266400670899264,0.05784946320814043
