,144yr c_index,288yr c_index,432yr c_index
Event_1,-1.0,0.8652849740932643,0.9395326272459076
