,144yr B_score,288yr B_score,432yr B_score
Event_1,0.002709427743900866,0.0067452674789696835,0.007744148762799355
