,144yr c_index,288yr c_index,432yr c_index
Event_1,-1.0,0.8507772020725388,0.8814515315205635
