,144yr B_score,288yr B_score,432yr B_score
Event_1,0.01048126053002966,0.02833934879125384,0.04754529867088478
