,144yr c_index,288yr c_index,432yr c_index
Event_1,-1.0,0.8264248704663213,0.8710144854028177
