,144yr c_index,288yr c_index,432yr c_index
Event_1,-1.0,0.8497409326424872,0.8331919449445633
