,144yr c_index,288yr c_index,432yr c_index
Event_1,-1.0,0.7590673575129533,0.8639484627895043
