,144yr c_index,288yr c_index,432yr c_index
Event_1,-1.0,0.9533678756476686,0.8995701372200253
