,144yr B_score,288yr B_score,432yr B_score
Event_1,0.012637821420625875,0.03359712419464177,0.05370758079751736
