,144yr B_score,288yr B_score,432yr B_score
Event_1,0.010769021847118348,0.02948340118734013,0.04911541935312991
