,144yr B_score,288yr B_score,432yr B_score
Event_1,0.010531420416898203,0.02819205673445399,0.046969475878620465
